code,market,name,group_name,updated_at,excd
A,SP500,Agilent Technologies,SP500,2026-02-12T09:07:50.625174,NYS
AAPL,NASDAQ,Apple Inc.,"NASDAQ100,SP500",2026-02-12T09:07:50.625174,NAS
ABBV,SP500,AbbVie,SP500,2026-02-12T09:07:50.625174,NYS
ABNB,NASDAQ,Airbnb,"NASDAQ100,SP500",2026-02-12T09:07:50.625174,NAS
ABT,SP500,Abbott Laboratories,SP500,2026-02-12T09:07:50.625174,NYS
ACGL,SP500,Arch Capital Group,SP500,2026-02-13T20:20:46.236347,NAS
ACN,SP500,Accenture,SP500,2026-02-12T09:07:50.625174,NYS
ADBE,NASDAQ,Adobe Inc.,"NASDAQ100,SP500",2026-02-12T09:07:50.625174,NAS
ADI,NASDAQ,Analog Devices,"NASDAQ100,SP500",2026-02-12T09:07:50.625174,NAS
ADM,SP500,Archer Daniels Midland,SP500,2026-02-12T09:07:50.625174,NYS
ADP,NASDAQ,Automatic Data Processing,"NASDAQ100,SP500",2026-02-12T09:07:50.625174,NAS
ADSK,NASDAQ,Autodesk,"NASDAQ100,SP500",2026-02-12T09:07:50.625174,NAS
AEE,SP500,Ameren,SP500,2026-02-12T09:07:50.625174,NYS
AEP,NASDAQ,American Electric Power,"NASDAQ100,SP500",2026-02-12T09:07:50.625174,NAS
AES,SP500,AES Corporation,SP500,2026-02-12T09:07:50.625174,NYS
AFL,SP500,Aflac,SP500,2026-02-12T09:07:50.625174,NYS
AIG,SP500,American International Group,SP500,2026-02-12T09:07:50.625174,NYS
AIZ,SP500,Assurant,SP500,2026-02-12T09:07:50.625174,NYS
AJG,SP500,Arthur J. Gallagher & Co.,SP500,2026-02-12T09:07:50.625174,NYS
AKAM,SP500,Akamai Technologies,SP500,2026-02-13T20:20:46.236347,NAS
ALB,SP500,Albemarle Corporation,SP500,2026-02-12T09:07:50.625174,NYS
ALGN,SP500,Align Technology,SP500,2026-02-13T20:20:46.236347,NAS
ALL,SP500,Allstate,SP500,2026-02-12T09:07:50.625174,NYS
ALLE,SP500,Allegion,SP500,2026-02-12T09:07:50.625174,NYS
ALNY,NASDAQ,Alnylam Pharmaceuticals,NASDAQ100,2026-02-12T09:07:50.625174,NAS
AMAT,NASDAQ,Applied Materials,"NASDAQ100,SP500",2026-02-12T09:07:50.625174,NAS
AMCR,SP500,Amcor,SP500,2026-02-12T09:07:50.625174,NYS
AMD,NASDAQ,Advanced Micro Devices,"NASDAQ100,SP500",2026-02-12T09:07:50.625174,NAS
AME,SP500,Ametek,SP500,2026-02-12T09:07:50.625174,NYS
AMGN,NASDAQ,Amgen,"NASDAQ100,SP500",2026-02-12T09:07:50.625174,NAS
AMP,SP500,Ameriprise Financial,SP500,2026-02-12T09:07:50.625174,NYS
AMT,SP500,American Tower,SP500,2026-02-12T09:07:50.625174,NYS
AMZN,NASDAQ,Amazon,"NASDAQ100,SP500",2026-02-12T09:07:50.625174,NAS
ANET,SP500,Arista Networks,SP500,2026-02-12T09:07:50.625174,NYS
AON,SP500,Aon plc,SP500,2026-02-12T09:07:50.625174,NYS
AOS,SP500,A. O. Smith,SP500,2026-02-12T09:07:50.625174,NYS
APA,SP500,APA Corporation,SP500,2026-02-13T20:20:46.236347,NAS
APD,SP500,Air Products,SP500,2026-02-12T09:07:50.625174,NYS
APH,SP500,Amphenol,SP500,2026-02-12T09:07:50.625174,NYS
APO,SP500,Apollo Global Management,SP500,2026-02-12T09:07:50.625174,NYS
APP,NASDAQ,AppLovin,"NASDAQ100,SP500",2026-02-12T09:07:50.625174,NAS
APTV,SP500,Aptiv,SP500,2026-02-12T09:07:50.625174,NYS
ARE,SP500,Alexandria Real Estate Equities,SP500,2026-02-12T09:07:50.625174,NYS
ARES,SP500,Ares Management,SP500,2026-02-12T09:07:50.625174,NYS
ARM,NASDAQ,Arm Holdings,NASDAQ100,2026-02-12T09:07:50.625174,NAS
ASML,NASDAQ,ASML Holding,NASDAQ100,2026-02-12T09:07:50.625174,NAS
ATO,SP500,Atmos Energy,SP500,2026-02-12T09:07:50.625174,NYS
AVB,SP500,AvalonBay Communities,SP500,2026-02-12T09:07:50.625174,NYS
AVGO,NASDAQ,Broadcom,"NASDAQ100,SP500",2026-02-12T09:07:50.625174,NAS
AVY,SP500,Avery Dennison,SP500,2026-02-12T09:07:50.625174,NYS
AWK,SP500,American Water Works,SP500,2026-02-12T09:07:50.625174,NYS
AXON,NASDAQ,Axon Enterprise,"NASDAQ100,SP500",2026-02-12T09:07:50.625174,NAS
AXP,SP500,American Express,SP500,2026-02-12T09:07:50.625174,NYS
AZO,SP500,AutoZone,SP500,2026-02-12T09:07:50.625174,NYS
BA,SP500,Boeing,SP500,2026-02-12T09:07:50.625174,NYS
BAC,SP500,Bank of America,SP500,2026-02-12T09:07:50.625174,NYS
BALL,SP500,Ball Corporation,SP500,2026-02-12T09:07:50.625174,NYS
BAX,SP500,Baxter International,SP500,2026-02-12T09:07:50.625174,NYS
BBY,SP500,Best Buy,SP500,2026-02-12T09:07:50.625174,NYS
BDX,SP500,Becton Dickinson,SP500,2026-02-12T09:07:50.625174,NYS
BEN,SP500,Franklin Resources,SP500,2026-02-12T09:07:50.625174,NYS
BF.B,SP500,Brown–Forman,SP500,2026-02-12T09:07:50.625174,NYS
BG,SP500,Bunge Global,SP500,2026-02-12T09:07:50.625174,NYS
BIIB,SP500,Biogen,SP500,2026-02-13T20:20:46.236347,NAS
BK,SP500,BNY Mellon,SP500,2026-02-12T09:07:50.625174,NYS
BKNG,NASDAQ,Booking Holdings,"NASDAQ100,SP500",2026-02-12T09:07:50.625174,NAS
BKR,NASDAQ,Baker Hughes,"NASDAQ100,SP500",2026-02-12T09:07:50.625174,NAS
BLDR,SP500,Builders FirstSource,SP500,2026-02-12T09:07:50.625174,NYS
BLK,SP500,BlackRock,SP500,2026-02-12T09:07:50.625174,NYS
BMY,SP500,Bristol Myers Squibb,SP500,2026-02-12T09:07:50.625174,NYS
BR,SP500,Broadridge Financial Solutions,SP500,2026-02-12T09:07:50.625174,NYS
BRK.B,SP500,Berkshire Hathaway,SP500,2026-02-12T09:07:50.625174,NYS
BRO,SP500,Brown & Brown,SP500,2026-02-12T09:07:50.625174,NYS
BSX,SP500,Boston Scientific,SP500,2026-02-12T09:07:50.625174,NYS
BX,SP500,Blackstone Inc.,SP500,2026-02-12T09:07:50.625174,NYS
BXP,SP500,"BXP, Inc.",SP500,2026-02-12T09:07:50.625174,NYS
C,SP500,Citigroup,SP500,2026-02-12T09:07:50.625174,NYS
CAG,SP500,Conagra Brands,SP500,2026-02-12T09:07:50.625174,NYS
CAH,SP500,Cardinal Health,SP500,2026-02-12T09:07:50.625174,NYS
CARR,SP500,Carrier Global,SP500,2026-02-12T09:07:50.625174,NYS
CAT,SP500,Caterpillar Inc.,SP500,2026-02-12T09:07:50.625174,NYS
CB,SP500,Chubb Limited,SP500,2026-02-12T09:07:50.625174,NYS
CBOE,SP500,Cboe Global Markets,SP500,2026-02-13T20:20:46.236347,AMS
CBRE,SP500,CBRE Group,SP500,2026-02-12T09:07:50.625174,NYS
CCEP,NASDAQ,Coca-Cola Europacific Partners,NASDAQ100,2026-02-12T09:07:50.625174,NAS
CCI,SP500,Crown Castle,SP500,2026-02-12T09:07:50.625174,NYS
CCL,SP500,Carnival,SP500,2026-02-12T09:07:50.625174,NYS
CDNS,NASDAQ,Cadence Design Systems,"NASDAQ100,SP500",2026-02-12T09:07:50.625174,NAS
CDW,SP500,CDW Corporation,SP500,2026-02-13T20:20:46.236347,NAS
CEG,NASDAQ,Constellation Energy,"NASDAQ100,SP500",2026-02-12T09:07:50.625174,NAS
CF,SP500,CF Industries,SP500,2026-02-12T09:07:50.625174,NYS
CFG,SP500,Citizens Financial Group,SP500,2026-02-12T09:07:50.625174,NYS
CHD,SP500,Church & Dwight,SP500,2026-02-12T09:07:50.625174,NYS
CHRW,SP500,C.H. Robinson,SP500,2026-02-13T20:20:46.236347,NAS
CHTR,NASDAQ,Charter Communications,"NASDAQ100,SP500",2026-02-12T09:07:50.625174,NAS
CI,SP500,Cigna,SP500,2026-02-12T09:07:50.625174,NYS
CIEN,SP500,Ciena,SP500,2026-02-12T09:07:50.625174,NYS
CINF,SP500,Cincinnati Financial,SP500,2026-02-13T20:20:46.236347,NAS
CL,SP500,Colgate-Palmolive,SP500,2026-02-12T09:07:50.625174,NYS
CLX,SP500,Clorox,SP500,2026-02-12T09:07:50.625174,NYS
CMCSA,NASDAQ,Comcast,"NASDAQ100,SP500",2026-02-12T09:07:50.625174,NAS
CME,SP500,CME Group,SP500,2026-02-13T20:20:46.236347,NAS
CMG,SP500,Chipotle Mexican Grill,SP500,2026-02-12T09:07:50.625174,NYS
CMI,SP500,Cummins,SP500,2026-02-12T09:07:50.625174,NYS
CMS,SP500,CMS Energy,SP500,2026-02-12T09:07:50.625174,NYS
CNC,SP500,Centene Corporation,SP500,2026-02-12T09:07:50.625174,NYS
CNP,SP500,CenterPoint Energy,SP500,2026-02-12T09:07:50.625174,NYS
COF,SP500,Capital One,SP500,2026-02-12T09:07:50.625174,NYS
COIN,SP500,Coinbase,SP500,2026-02-13T20:20:46.236347,NAS
COO,SP500,Cooper Companies (The),SP500,2026-02-13T20:20:46.236347,NAS
COP,SP500,ConocoPhillips,SP500,2026-02-12T09:07:50.625174,NYS
COR,SP500,Cencora,SP500,2026-02-12T09:07:50.625174,NYS
COST,NASDAQ,Costco,"NASDAQ100,SP500",2026-02-12T09:07:50.625174,NAS
CPAY,SP500,Corpay,SP500,2026-02-12T09:07:50.625174,NYS
CPB,SP500,Campbell's Company (The),SP500,2026-02-13T20:20:46.236347,NAS
CPRT,NASDAQ,Copart,"NASDAQ100,SP500",2026-02-12T09:07:50.625174,NAS
CPT,SP500,Camden Property Trust,SP500,2026-02-12T09:07:50.625174,NYS
CRH,SP500,CRH plc,SP500,2026-02-12T09:07:50.625174,NYS
CRL,SP500,Charles River Laboratories,SP500,2026-02-12T09:07:50.625174,NYS
CRM,SP500,Salesforce,SP500,2026-02-12T09:07:50.625174,NYS
CRWD,NASDAQ,CrowdStrike,"NASDAQ100,SP500",2026-02-12T09:07:50.625174,NAS
CSCO,NASDAQ,Cisco,"NASDAQ100,SP500",2026-02-12T09:07:50.625174,NAS
CSGP,NASDAQ,CoStar Group,"NASDAQ100,SP500",2026-02-12T09:07:50.625174,NAS
CSX,NASDAQ,CSX Corporation,"NASDAQ100,SP500",2026-02-12T09:07:50.625174,NAS
CTAS,NASDAQ,Cintas,"NASDAQ100,SP500",2026-02-12T09:07:50.625174,NAS
CTRA,SP500,Coterra,SP500,2026-02-12T09:07:50.625174,NYS
CTSH,NASDAQ,Cognizant,"NASDAQ100,SP500",2026-02-12T09:07:50.625174,NAS
CTVA,SP500,Corteva,SP500,2026-02-12T09:07:50.625174,NYS
CVNA,SP500,Carvana,SP500,2026-02-12T09:07:50.625174,NYS
CVS,SP500,CVS Health,SP500,2026-02-12T09:07:50.625174,NYS
CVX,SP500,Chevron Corporation,SP500,2026-02-12T09:07:50.625174,NYS
D,SP500,Dominion Energy,SP500,2026-02-12T09:07:50.625174,NYS
DAL,SP500,Delta Air Lines,SP500,2026-02-12T09:07:50.625174,NYS
DASH,NASDAQ,DoorDash,"NASDAQ100,SP500",2026-02-12T09:07:50.625174,NAS
DD,SP500,DuPont,SP500,2026-02-12T09:07:50.625174,NYS
DDOG,NASDAQ,Datadog,"NASDAQ100,SP500",2026-02-12T09:07:50.625174,NAS
DE,SP500,Deere & Company,SP500,2026-02-12T09:07:50.625174,NYS
DECK,SP500,Deckers Brands,SP500,2026-02-12T09:07:50.625174,NYS
DELL,SP500,Dell Technologies,SP500,2026-02-12T09:07:50.625174,NYS
DG,SP500,Dollar General,SP500,2026-02-12T09:07:50.625174,NYS
DGX,SP500,Quest Diagnostics,SP500,2026-02-12T09:07:50.625174,NYS
DHI,SP500,D. R. Horton,SP500,2026-02-12T09:07:50.625174,NYS
DHR,SP500,Danaher Corporation,SP500,2026-02-12T09:07:50.625174,NYS
DIS,SP500,Walt Disney Company (The),SP500,2026-02-12T09:07:50.625174,NYS
DLR,SP500,Digital Realty,SP500,2026-02-12T09:07:50.625174,NYS
DLTR,SP500,Dollar Tree,SP500,2026-02-13T20:20:46.236347,NAS
DOC,SP500,Healthpeak Properties,SP500,2026-02-12T09:07:50.625174,NYS
DOV,SP500,Dover Corporation,SP500,2026-02-12T09:07:50.625174,NYS
DOW,SP500,Dow Inc.,SP500,2026-02-12T09:07:50.625174,NYS
DPZ,SP500,Domino's,SP500,2026-02-13T20:20:46.236347,NAS
DRI,SP500,Darden Restaurants,SP500,2026-02-12T09:07:50.625174,NYS
DTE,SP500,DTE Energy,SP500,2026-02-12T09:07:50.625174,NYS
DUK,SP500,Duke Energy,SP500,2026-02-12T09:07:50.625174,NYS
DVA,SP500,DaVita,SP500,2026-02-12T09:07:50.625174,NYS
DVN,SP500,Devon Energy,SP500,2026-02-12T09:07:50.625174,NYS
DXCM,NASDAQ,DexCom,"NASDAQ100,SP500",2026-02-12T09:07:50.625174,NAS
EA,NASDAQ,Electronic Arts,"NASDAQ100,SP500",2026-02-12T09:07:50.625174,NAS
EBAY,SP500,eBay Inc.,SP500,2026-02-13T20:20:46.236347,NAS
ECL,SP500,Ecolab,SP500,2026-02-12T09:07:50.625174,NYS
ED,SP500,Consolidated Edison,SP500,2026-02-12T09:07:50.625174,NYS
EFX,SP500,Equifax,SP500,2026-02-12T09:07:50.625174,NYS
EG,SP500,Everest Group,SP500,2026-02-12T09:07:50.625174,NYS
EIX,SP500,Edison International,SP500,2026-02-12T09:07:50.625174,NYS
EL,SP500,Estée Lauder Companies (The),SP500,2026-02-12T09:07:50.625174,NYS
ELV,SP500,Elevance Health,SP500,2026-02-12T09:07:50.625174,NYS
EME,SP500,Emcor,SP500,2026-02-12T09:07:50.625174,NYS
EMR,SP500,Emerson Electric,SP500,2026-02-12T09:07:50.625174,NYS
EOG,SP500,EOG Resources,SP500,2026-02-12T09:07:50.625174,NYS
EPAM,SP500,EPAM Systems,SP500,2026-02-12T09:07:50.625174,NYS
EQIX,SP500,Equinix,SP500,2026-02-13T20:20:46.236347,NAS
EQR,SP500,Equity Residential,SP500,2026-02-12T09:07:50.625174,NYS
EQT,SP500,EQT Corporation,SP500,2026-02-12T09:07:50.625174,NYS
ERIE,SP500,Erie Indemnity,SP500,2026-02-13T20:20:46.236347,NAS
ES,SP500,Eversource Energy,SP500,2026-02-12T09:07:50.625174,NYS
ESS,SP500,Essex Property Trust,SP500,2026-02-12T09:07:50.625174,NYS
ETN,SP500,Eaton Corporation,SP500,2026-02-12T09:07:50.625174,NYS
ETR,SP500,Entergy,SP500,2026-02-12T09:07:50.625174,NYS
EVRG,SP500,Evergy,SP500,2026-02-13T20:20:46.236347,NAS
EW,SP500,Edwards Lifesciences,SP500,2026-02-12T09:07:50.625174,NYS
EXC,NASDAQ,Exelon,"NASDAQ100,SP500",2026-02-12T09:07:50.625174,NAS
EXE,SP500,Expand Energy,SP500,2026-02-13T20:20:46.236347,NAS
EXPD,SP500,Expeditors International,SP500,2026-02-12T09:07:50.625174,NYS
EXPE,SP500,Expedia Group,SP500,2026-02-13T20:20:46.236347,NAS
EXR,SP500,Extra Space Storage,SP500,2026-02-12T09:07:50.625174,NYS
F,SP500,Ford Motor Company,SP500,2026-02-12T09:07:50.625174,NYS
FANG,NASDAQ,Diamondback Energy,"NASDAQ100,SP500",2026-02-12T09:07:50.625174,NAS
FAST,NASDAQ,Fastenal,"NASDAQ100,SP500",2026-02-12T09:07:50.625174,NAS
FCX,SP500,Freeport-McMoRan,SP500,2026-02-12T09:07:50.625174,NYS
FDS,SP500,FactSet,SP500,2026-02-12T09:07:50.625174,NYS
FDX,SP500,FedEx,SP500,2026-02-12T09:07:50.625174,NYS
FE,SP500,FirstEnergy,SP500,2026-02-12T09:07:50.625174,NYS
FER,NASDAQ,Ferrovial,NASDAQ100,2026-02-12T09:07:50.625174,NAS
FFIV,SP500,"F5, Inc.",SP500,2026-02-13T20:20:46.236347,NAS
FICO,SP500,Fair Isaac,SP500,2026-02-12T09:07:50.625174,NYS
FIS,SP500,Fidelity National Information Services,SP500,2026-02-12T09:07:50.625174,NYS
FISV,SP500,Fiserv,SP500,2026-02-13T20:20:46.236347,NAS
FITB,SP500,Fifth Third Bancorp,SP500,2026-02-13T20:20:46.236347,NAS
FIX,SP500,Comfort Systems USA,SP500,2026-02-12T09:07:50.625174,NYS
FOX,SP500,Fox Corporation (Class B),SP500,2026-02-13T20:20:46.236347,NAS
FOXA,SP500,Fox Corporation (Class A),SP500,2026-02-13T20:20:46.236347,NAS
FRT,SP500,Federal Realty Investment Trust,SP500,2026-02-12T09:07:50.625174,NYS
FSLR,SP500,First Solar,SP500,2026-02-13T20:20:46.236347,NAS
FTNT,NASDAQ,Fortinet,"NASDAQ100,SP500",2026-02-12T09:07:50.625174,NAS
FTV,SP500,Fortive,SP500,2026-02-12T09:07:50.625174,NYS
GD,SP500,General Dynamics,SP500,2026-02-12T09:07:50.625174,NYS
GDDY,SP500,GoDaddy,SP500,2026-02-12T09:07:50.625174,NYS
GE,SP500,GE Aerospace,SP500,2026-02-12T09:07:50.625174,NYS
GEHC,NASDAQ,GE HealthCare,"NASDAQ100,SP500",2026-02-12T09:07:50.625174,NAS
GEN,SP500,Gen Digital,SP500,2026-02-13T20:20:46.236347,NAS
GEV,SP500,GE Vernova,SP500,2026-02-12T09:07:50.625174,NYS
GILD,NASDAQ,Gilead Sciences,"NASDAQ100,SP500",2026-02-12T09:07:50.625174,NAS
GIS,SP500,General Mills,SP500,2026-02-12T09:07:50.625174,NYS
GL,SP500,Globe Life,SP500,2026-02-12T09:07:50.625174,NYS
GLW,SP500,Corning Inc.,SP500,2026-02-12T09:07:50.625174,NYS
GM,SP500,General Motors,SP500,2026-02-12T09:07:50.625174,NYS
GNRC,SP500,Generac,SP500,2026-02-12T09:07:50.625174,NYS
GOOG,NASDAQ,Alphabet Inc. (Class C),"NASDAQ100,SP500",2026-02-12T09:07:50.625174,NAS
GOOGL,NASDAQ,Alphabet Inc. (Class A),"NASDAQ100,SP500",2026-02-12T09:07:50.625174,NAS
GPC,SP500,Genuine Parts Company,SP500,2026-02-12T09:07:50.625174,NYS
GPN,SP500,Global Payments,SP500,2026-02-12T09:07:50.625174,NYS
GRMN,SP500,Garmin,SP500,2026-02-12T09:07:50.625174,NYS
GS,SP500,Goldman Sachs,SP500,2026-02-12T09:07:50.625174,NYS
GWW,SP500,W. W. Grainger,SP500,2026-02-12T09:07:50.625174,NYS
HAL,SP500,Halliburton,SP500,2026-02-12T09:07:50.625174,NYS
HAS,SP500,Hasbro,SP500,2026-02-13T20:20:46.236347,NAS
HBAN,SP500,Huntington Bancshares,SP500,2026-02-13T20:20:46.236347,NAS
HCA,SP500,HCA Healthcare,SP500,2026-02-12T09:07:50.625174,NYS
HD,SP500,Home Depot (The),SP500,2026-02-12T09:07:50.625174,NYS
HIG,SP500,Hartford (The),SP500,2026-02-12T09:07:50.625174,NYS
HII,SP500,Huntington Ingalls Industries,SP500,2026-02-12T09:07:50.625174,NYS
HLT,SP500,Hilton Worldwide,SP500,2026-02-12T09:07:50.625174,NYS
HOLX,SP500,Hologic,SP500,2026-02-13T20:20:46.236347,NAS
HON,NASDAQ,Honeywell,"NASDAQ100,SP500",2026-02-12T09:07:50.625174,NAS
HOOD,SP500,Robinhood Markets,SP500,2026-02-13T20:20:46.236347,NAS
HPE,SP500,Hewlett Packard Enterprise,SP500,2026-02-12T09:07:50.625174,NYS
HPQ,SP500,HP Inc.,SP500,2026-02-12T09:07:50.625174,NYS
HRL,SP500,Hormel Foods,SP500,2026-02-12T09:07:50.625174,NYS
HSIC,SP500,Henry Schein,SP500,2026-02-13T20:20:46.236347,NAS
HST,SP500,Host Hotels & Resorts,SP500,2026-02-13T20:20:46.236347,NAS
HSY,SP500,Hershey Company (The),SP500,2026-02-12T09:07:50.625174,NYS
HUBB,SP500,Hubbell Incorporated,SP500,2026-02-12T09:07:50.625174,NYS
HUM,SP500,Humana,SP500,2026-02-12T09:07:50.625174,NYS
HWM,SP500,Howmet Aerospace,SP500,2026-02-12T09:07:50.625174,NYS
IBKR,SP500,Interactive Brokers,SP500,2026-02-13T20:20:46.236347,NAS
IBM,SP500,IBM,SP500,2026-02-12T09:07:50.625174,NYS
ICE,SP500,Intercontinental Exchange,SP500,2026-02-12T09:07:50.625174,NYS
IDXX,NASDAQ,Idexx Laboratories,"NASDAQ100,SP500",2026-02-12T09:07:50.625174,NAS
IEX,SP500,IDEX Corporation,SP500,2026-02-12T09:07:50.625174,NYS
IFF,SP500,International Flavors & Fragrances,SP500,2026-02-12T09:07:50.625174,NYS
INCY,SP500,Incyte,SP500,2026-02-13T20:20:46.236347,NAS
INSM,NASDAQ,Insmed Incorporated,NASDAQ100,2026-02-12T09:07:50.625174,NAS
INTC,NASDAQ,Intel,"NASDAQ100,SP500",2026-02-12T09:07:50.625174,NAS
INTU,NASDAQ,Intuit,"NASDAQ100,SP500",2026-02-12T09:07:50.625174,NAS
INVH,SP500,Invitation Homes,SP500,2026-02-12T09:07:50.625174,NYS
IP,SP500,International Paper,SP500,2026-02-12T09:07:50.625174,NYS
IQV,SP500,IQVIA,SP500,2026-02-12T09:07:50.625174,NYS
IR,SP500,Ingersoll Rand,SP500,2026-02-12T09:07:50.625174,NYS
IRM,SP500,Iron Mountain,SP500,2026-02-12T09:07:50.625174,NYS
ISRG,NASDAQ,Intuitive Surgical,"NASDAQ100,SP500",2026-02-12T09:07:50.625174,NAS
IT,SP500,Gartner,SP500,2026-02-12T09:07:50.625174,NYS
ITW,SP500,Illinois Tool Works,SP500,2026-02-12T09:07:50.625174,NYS
IVZ,SP500,Invesco,SP500,2026-02-12T09:07:50.625174,NYS
J,SP500,Jacobs Solutions,SP500,2026-02-12T09:07:50.625174,NYS
JBHT,SP500,J.B. Hunt,SP500,2026-02-13T20:20:46.236347,NAS
JBL,SP500,Jabil,SP500,2026-02-12T09:07:50.625174,NYS
JCI,SP500,Johnson Controls,SP500,2026-02-12T09:07:50.625174,NYS
JKHY,SP500,Jack Henry & Associates,SP500,2026-02-13T20:20:46.236347,NAS
JNJ,SP500,Johnson & Johnson,SP500,2026-02-12T09:07:50.625174,NYS
JPM,SP500,JPMorgan Chase,SP500,2026-02-12T09:07:50.625174,NYS
KDP,NASDAQ,Keurig Dr Pepper,"NASDAQ100,SP500",2026-02-12T09:07:50.625174,NAS
KEY,SP500,KeyCorp,SP500,2026-02-12T09:07:50.625174,NYS
KEYS,SP500,Keysight Technologies,SP500,2026-02-12T09:07:50.625174,NYS
KHC,NASDAQ,Kraft Heinz,"NASDAQ100,SP500",2026-02-12T09:07:50.625174,NAS
KIM,SP500,Kimco Realty,SP500,2026-02-12T09:07:50.625174,NYS
KKR,SP500,KKR & Co.,SP500,2026-02-12T09:07:50.625174,NYS
KLAC,NASDAQ,KLA Corporation,"NASDAQ100,SP500",2026-02-12T09:07:50.625174,NAS
KMB,SP500,Kimberly-Clark,SP500,2026-02-13T20:20:46.236347,NAS
KMI,SP500,Kinder Morgan,SP500,2026-02-12T09:07:50.625174,NYS
KO,SP500,Coca-Cola Company (The),SP500,2026-02-12T09:07:50.625174,NYS
KR,SP500,Kroger,SP500,2026-02-12T09:07:50.625174,NYS
KVUE,SP500,Kenvue,SP500,2026-02-12T09:07:50.625174,NYS
L,SP500,Loews Corporation,SP500,2026-02-12T09:07:50.625174,NYS
LDOS,SP500,Leidos,SP500,2026-02-12T09:07:50.625174,NYS
LEN,SP500,Lennar,SP500,2026-02-12T09:07:50.625174,NYS
LH,SP500,Labcorp,SP500,2026-02-12T09:07:50.625174,NYS
LHX,SP500,L3Harris,SP500,2026-02-12T09:07:50.625174,NYS
LII,SP500,Lennox International,SP500,2026-02-12T09:07:50.625174,NYS
LIN,NASDAQ,Linde plc,"NASDAQ100,SP500",2026-02-12T09:07:50.625174,NAS
LLY,SP500,Lilly (Eli),SP500,2026-02-12T09:07:50.625174,NYS
LMT,SP500,Lockheed Martin,SP500,2026-02-12T09:07:50.625174,NYS
LNT,SP500,Alliant Energy,SP500,2026-02-13T20:20:46.236347,NAS
LOW,SP500,Lowe's,SP500,2026-02-12T09:07:50.625174,NYS
LRCX,NASDAQ,Lam Research,"NASDAQ100,SP500",2026-02-12T09:07:50.625174,NAS
LULU,SP500,Lululemon Athletica,SP500,2026-02-13T20:20:46.236347,NAS
LUV,SP500,Southwest Airlines,SP500,2026-02-12T09:07:50.625174,NYS
LVS,SP500,Las Vegas Sands,SP500,2026-02-12T09:07:50.625174,NYS
LW,SP500,Lamb Weston,SP500,2026-02-12T09:07:50.625174,NYS
LYB,SP500,LyondellBasell,SP500,2026-02-12T09:07:50.625174,NYS
LYV,SP500,Live Nation Entertainment,SP500,2026-02-12T09:07:50.625174,NYS
MA,SP500,Mastercard,SP500,2026-02-12T09:07:50.625174,NYS
MAA,SP500,Mid-America Apartment Communities,SP500,2026-02-12T09:07:50.625174,NYS
MAR,NASDAQ,Marriott International,"NASDAQ100,SP500",2026-02-12T09:07:50.625174,NAS
MAS,SP500,Masco,SP500,2026-02-12T09:07:50.625174,NYS
MCD,SP500,McDonald's,SP500,2026-02-12T09:07:50.625174,NYS
MCHP,NASDAQ,Microchip Technology,"NASDAQ100,SP500",2026-02-12T09:07:50.625174,NAS
MCK,SP500,McKesson Corporation,SP500,2026-02-12T09:07:50.625174,NYS
MCO,SP500,Moody's Corporation,SP500,2026-02-12T09:07:50.625174,NYS
MDLZ,NASDAQ,Mondelez International,"NASDAQ100,SP500",2026-02-12T09:07:50.625174,NAS
MDT,SP500,Medtronic,SP500,2026-02-12T09:07:50.625174,NYS
MELI,NASDAQ,Mercado Libre,NASDAQ100,2026-02-12T09:07:50.625174,NAS
MET,SP500,MetLife,SP500,2026-02-12T09:07:50.625174,NYS
META,NASDAQ,Meta Platforms,"NASDAQ100,SP500",2026-02-12T09:07:50.625174,NAS
MGM,SP500,MGM Resorts,SP500,2026-02-12T09:07:50.625174,NYS
MKC,SP500,McCormick & Company,SP500,2026-02-12T09:07:50.625174,NYS
MLM,SP500,Martin Marietta Materials,SP500,2026-02-12T09:07:50.625174,NYS
MMM,SP500,3M,SP500,2026-02-12T09:07:50.625174,NYS
MNST,NASDAQ,Monster Beverage,"NASDAQ100,SP500",2026-02-12T09:07:50.625174,NAS
MO,SP500,Altria,SP500,2026-02-12T09:07:50.625174,NYS
MOH,SP500,Molina Healthcare,SP500,2026-02-12T09:07:50.625174,NYS
MOS,SP500,Mosaic Company (The),SP500,2026-02-12T09:07:50.625174,NYS
MPC,SP500,Marathon Petroleum,SP500,2026-02-12T09:07:50.625174,NYS
MPWR,NASDAQ,Monolithic Power Systems,"NASDAQ100,SP500",2026-02-12T09:07:50.625174,NAS
MRK,SP500,Merck & Co.,SP500,2026-02-12T09:07:50.625174,NYS
MRNA,SP500,Moderna,SP500,2026-02-13T20:20:46.236347,NAS
MRSH,SP500,Marsh McLennan,SP500,2026-02-12T09:07:50.625174,NYS
MRVL,NASDAQ,Marvell Technology,NASDAQ100,2026-02-12T09:07:50.625174,NAS
MS,SP500,Morgan Stanley,SP500,2026-02-12T09:07:50.625174,NYS
MSCI,SP500,MSCI Inc.,SP500,2026-02-12T09:07:50.625174,NYS
MSFT,NASDAQ,Microsoft,"NASDAQ100,SP500",2026-02-12T09:07:50.625174,NAS
MSI,SP500,Motorola Solutions,SP500,2026-02-12T09:07:50.625174,NYS
MSTR,NASDAQ,MicroStrategy,NASDAQ100,2026-02-12T09:07:50.625174,NAS
MTB,SP500,M&T Bank,SP500,2026-02-12T09:07:50.625174,NYS
MTCH,SP500,Match Group,SP500,2026-02-13T20:20:46.236347,NAS
MTD,SP500,Mettler Toledo,SP500,2026-02-12T09:07:50.625174,NYS
MU,NASDAQ,Micron Technology,"NASDAQ100,SP500",2026-02-12T09:07:50.625174,NAS
NCLH,SP500,Norwegian Cruise Line Holdings,SP500,2026-02-12T09:07:50.625174,NYS
NDAQ,SP500,"Nasdaq, Inc.",SP500,2026-02-13T20:20:46.236347,NAS
NDSN,SP500,Nordson Corporation,SP500,2026-02-13T20:20:46.236347,NAS
NEE,SP500,NextEra Energy,SP500,2026-02-12T09:07:50.625174,NYS
NEM,SP500,Newmont,SP500,2026-02-12T09:07:50.625174,NYS
NFLX,NASDAQ,"Netflix, Inc.","NASDAQ100,SP500",2026-02-12T09:07:50.625174,NAS
NI,SP500,NiSource,SP500,2026-02-12T09:07:50.625174,NYS
NKE,SP500,"Nike, Inc.",SP500,2026-02-12T09:07:50.625174,NYS
NOC,SP500,Northrop Grumman,SP500,2026-02-12T09:07:50.625174,NYS
NOW,SP500,ServiceNow,SP500,2026-02-12T09:07:50.625174,NYS
NRG,SP500,NRG Energy,SP500,2026-02-12T09:07:50.625174,NYS
NSC,SP500,Norfolk Southern,SP500,2026-02-12T09:07:50.625174,NYS
NTAP,SP500,NetApp,SP500,2026-02-13T20:20:46.236347,NAS
NTRS,SP500,Northern Trust,SP500,2026-02-13T20:20:46.236347,NAS
NUE,SP500,Nucor,SP500,2026-02-12T09:07:50.625174,NYS
NVDA,NASDAQ,Nvidia,"NASDAQ100,SP500",2026-02-12T09:07:50.625174,NAS
NVR,SP500,"NVR, Inc.",SP500,2026-02-12T09:07:50.625174,NYS
NWS,SP500,News Corp (Class B),SP500,2026-02-13T20:20:46.236347,NAS
NWSA,SP500,News Corp (Class A),SP500,2026-02-13T20:20:46.236347,NAS
NXPI,NASDAQ,NXP Semiconductors,"NASDAQ100,SP500",2026-02-12T09:07:50.625174,NAS
O,SP500,Realty Income,SP500,2026-02-12T09:07:50.625174,NYS
ODFL,NASDAQ,Old Dominion Freight Line,"NASDAQ100,SP500",2026-02-12T09:07:50.625174,NAS
OKE,SP500,Oneok,SP500,2026-02-12T09:07:50.625174,NYS
OMC,SP500,Omnicom Group,SP500,2026-02-12T09:07:50.625174,NYS
ON,SP500,ON Semiconductor,SP500,2026-02-13T20:20:46.236347,NAS
ORCL,SP500,Oracle Corporation,SP500,2026-02-12T09:07:50.625174,NYS
ORLY,NASDAQ,O'Reilly Automotive,"NASDAQ100,SP500",2026-02-12T09:07:50.625174,NAS
OTIS,SP500,Otis Worldwide,SP500,2026-02-12T09:07:50.625174,NYS
OXY,SP500,Occidental Petroleum,SP500,2026-02-12T09:07:50.625174,NYS
PANW,NASDAQ,Palo Alto Networks,"NASDAQ100,SP500",2026-02-12T09:07:50.625174,NAS
PAYC,SP500,Paycom,SP500,2026-02-12T09:07:50.625174,NYS
PAYX,NASDAQ,Paychex,"NASDAQ100,SP500",2026-02-12T09:07:50.625174,NAS
PCAR,NASDAQ,Paccar,"NASDAQ100,SP500",2026-02-12T09:07:50.625174,NAS
PCG,SP500,PG&E Corporation,SP500,2026-02-12T09:07:50.625174,NYS
PDD,NASDAQ,PDD Holdings,NASDAQ100,2026-02-12T09:07:50.625174,NAS
PEG,SP500,Public Service Enterprise Group,SP500,2026-02-12T09:07:50.625174,NYS
PEP,NASDAQ,PepsiCo,"NASDAQ100,SP500",2026-02-12T09:07:50.625174,NAS
PFE,SP500,Pfizer,SP500,2026-02-12T09:07:50.625174,NYS
PFG,SP500,Principal Financial Group,SP500,2026-02-13T20:20:46.236347,NAS
PG,SP500,Procter & Gamble,SP500,2026-02-12T09:07:50.625174,NYS
PGR,SP500,Progressive Corporation,SP500,2026-02-12T09:07:50.625174,NYS
PH,SP500,Parker Hannifin,SP500,2026-02-12T09:07:50.625174,NYS
PHM,SP500,PulteGroup,SP500,2026-02-12T09:07:50.625174,NYS
PKG,SP500,Packaging Corporation of America,SP500,2026-02-12T09:07:50.625174,NYS
PLD,SP500,Prologis,SP500,2026-02-12T09:07:50.625174,NYS
PLTR,NASDAQ,Palantir Technologies,"NASDAQ100,SP500",2026-02-12T09:07:50.625174,NAS
PM,SP500,Philip Morris International,SP500,2026-02-12T09:07:50.625174,NYS
PNC,SP500,PNC Financial Services,SP500,2026-02-12T09:07:50.625174,NYS
PNR,SP500,Pentair,SP500,2026-02-12T09:07:50.625174,NYS
PNW,SP500,Pinnacle West Capital,SP500,2026-02-12T09:07:50.625174,NYS
PODD,SP500,Insulet Corporation,SP500,2026-02-13T20:20:46.236347,NAS
POOL,SP500,Pool Corporation,SP500,2026-02-13T20:20:46.236347,NAS
PPG,SP500,PPG Industries,SP500,2026-02-12T09:07:50.625174,NYS
PPL,SP500,PPL Corporation,SP500,2026-02-12T09:07:50.625174,NYS
PRU,SP500,Prudential Financial,SP500,2026-02-12T09:07:50.625174,NYS
PSA,SP500,Public Storage,SP500,2026-02-12T09:07:50.625174,NYS
PSKY,SP500,Paramount Skydance Corporation,SP500,2026-02-13T20:20:46.236347,NAS
PSX,SP500,Phillips 66,SP500,2026-02-12T09:07:50.625174,NYS
PTC,SP500,PTC Inc.,SP500,2026-02-13T20:20:46.236347,NAS
PWR,SP500,Quanta Services,SP500,2026-02-12T09:07:50.625174,NYS
PYPL,NASDAQ,PayPal,"NASDAQ100,SP500",2026-02-12T09:07:50.625174,NAS
Q,SP500,Qnity Electronics,SP500,2026-02-12T09:07:50.625174,NYS
QCOM,NASDAQ,Qualcomm,"NASDAQ100,SP500",2026-02-12T09:07:50.625174,NAS
RCL,SP500,Royal Caribbean Group,SP500,2026-02-12T09:07:50.625174,NYS
REG,SP500,Regency Centers,SP500,2026-02-13T20:20:46.236347,NAS
REGN,NASDAQ,Regeneron Pharmaceuticals,"NASDAQ100,SP500",2026-02-12T09:07:50.625174,NAS
RF,SP500,Regions Financial Corporation,SP500,2026-02-12T09:07:50.625174,NYS
RJF,SP500,Raymond James Financial,SP500,2026-02-12T09:07:50.625174,NYS
RL,SP500,Ralph Lauren Corporation,SP500,2026-02-12T09:07:50.625174,NYS
RMD,SP500,ResMed,SP500,2026-02-12T09:07:50.625174,NYS
ROK,SP500,Rockwell Automation,SP500,2026-02-12T09:07:50.625174,NYS
ROL,SP500,"Rollins, Inc.",SP500,2026-02-12T09:07:50.625174,NYS
ROP,NASDAQ,Roper Technologies,"NASDAQ100,SP500",2026-02-12T09:07:50.625174,NAS
ROST,NASDAQ,Ross Stores,"NASDAQ100,SP500",2026-02-12T09:07:50.625174,NAS
RSG,SP500,Republic Services,SP500,2026-02-12T09:07:50.625174,NYS
RTX,SP500,RTX Corporation,SP500,2026-02-12T09:07:50.625174,NYS
RVTY,SP500,Revvity,SP500,2026-02-12T09:07:50.625174,NYS
SBAC,SP500,SBA Communications,SP500,2026-02-13T20:20:46.236347,NAS
SBUX,NASDAQ,Starbucks,"NASDAQ100,SP500",2026-02-12T09:07:50.625174,NAS
SCHW,SP500,Charles Schwab Corporation,SP500,2026-02-12T09:07:50.625174,NYS
SHOP,NASDAQ,Shopify,NASDAQ100,2026-02-12T09:07:50.625174,NAS
SHW,SP500,Sherwin-Williams,SP500,2026-02-12T09:07:50.625174,NYS
SJM,SP500,J.M. Smucker Company (The),SP500,2026-02-12T09:07:50.625174,NYS
SLB,SP500,Schlumberger,SP500,2026-02-12T09:07:50.625174,NYS
SMCI,SP500,Supermicro,SP500,2026-02-13T20:20:46.236347,NAS
SNA,SP500,Snap-on,SP500,2026-02-12T09:07:50.625174,NYS
SNDK,SP500,Sandisk,SP500,2026-02-13T20:20:46.236347,NAS
SNPS,NASDAQ,Synopsys,"NASDAQ100,SP500",2026-02-12T09:07:50.625174,NAS
SO,SP500,Southern Company,SP500,2026-02-12T09:07:50.625174,NYS
SOLV,SP500,Solventum,SP500,2026-02-12T09:07:50.625174,NYS
SPG,SP500,Simon Property Group,SP500,2026-02-12T09:07:50.625174,NYS
SPGI,SP500,S&P Global,SP500,2026-02-12T09:07:50.625174,NYS
SRE,SP500,Sempra,SP500,2026-02-12T09:07:50.625174,NYS
STE,SP500,Steris,SP500,2026-02-12T09:07:50.625174,NYS
STLD,SP500,Steel Dynamics,SP500,2026-02-13T20:20:46.236347,NAS
STT,SP500,State Street Corporation,SP500,2026-02-12T09:07:50.625174,NYS
STX,NASDAQ,Seagate Technology,"NASDAQ100,SP500",2026-02-12T09:07:50.625174,NAS
STZ,SP500,Constellation Brands,SP500,2026-02-12T09:07:50.625174,NYS
SW,SP500,Smurfit Westrock,SP500,2026-02-12T09:07:50.625174,NYS
SWK,SP500,Stanley Black & Decker,SP500,2026-02-12T09:07:50.625174,NYS
SWKS,SP500,Skyworks Solutions,SP500,2026-02-13T20:20:46.236347,NAS
SYF,SP500,Synchrony Financial,SP500,2026-02-12T09:07:50.625174,NYS
SYK,SP500,Stryker Corporation,SP500,2026-02-12T09:07:50.625174,NYS
SYY,SP500,Sysco,SP500,2026-02-12T09:07:50.625174,NYS
T,SP500,AT&T,SP500,2026-02-12T09:07:50.625174,NYS
TAP,SP500,Molson Coors Beverage Company,SP500,2026-02-12T09:07:50.625174,NYS
TDG,SP500,TransDigm Group,SP500,2026-02-12T09:07:50.625174,NYS
TDY,SP500,Teledyne Technologies,SP500,2026-02-12T09:07:50.625174,NYS
TEAM,NASDAQ,Atlassian,NASDAQ100,2026-02-12T09:07:50.625174,NAS
TECH,SP500,Bio-Techne,SP500,2026-02-13T20:20:46.236347,NAS
TEL,SP500,TE Connectivity,SP500,2026-02-12T09:07:50.625174,NYS
TER,SP500,Teradyne,SP500,2026-02-13T20:20:46.236347,NAS
TFC,SP500,Truist Financial,SP500,2026-02-12T09:07:50.625174,NYS
TGT,SP500,Target Corporation,SP500,2026-02-12T09:07:50.625174,NYS
TJX,SP500,TJX Companies,SP500,2026-02-12T09:07:50.625174,NYS
TKO,SP500,TKO Group Holdings,SP500,2026-02-12T09:07:50.625174,NYS
TMO,SP500,Thermo Fisher Scientific,SP500,2026-02-12T09:07:50.625174,NYS
TMUS,NASDAQ,T-Mobile US,"NASDAQ100,SP500",2026-02-12T09:07:50.625174,NAS
TPL,SP500,Texas Pacific Land Corporation,SP500,2026-02-12T09:07:50.625174,NYS
TPR,SP500,"Tapestry, Inc.",SP500,2026-02-12T09:07:50.625174,NYS
TRGP,SP500,Targa Resources,SP500,2026-02-12T09:07:50.625174,NYS
TRI,NASDAQ,Thomson Reuters,NASDAQ100,2026-02-12T09:07:50.625174,NAS
TRMB,SP500,Trimble Inc.,SP500,2026-02-13T20:20:46.236347,NAS
TROW,SP500,T. Rowe Price,SP500,2026-02-13T20:20:46.236347,NAS
TRV,SP500,Travelers Companies (The),SP500,2026-02-12T09:07:50.625174,NYS
TSCO,SP500,Tractor Supply,SP500,2026-02-13T20:20:46.236347,NAS
TSLA,NASDAQ,"Tesla, Inc.","NASDAQ100,SP500",2026-02-12T09:07:50.625174,NAS
TSN,SP500,Tyson Foods,SP500,2026-02-12T09:07:50.625174,NYS
TT,SP500,Trane Technologies,SP500,2026-02-12T09:07:50.625174,NYS
TTD,SP500,Trade Desk (The),SP500,2026-02-13T20:20:46.236347,NAS
TTWO,NASDAQ,Take-Two Interactive,"NASDAQ100,SP500",2026-02-12T09:07:50.625174,NAS
TXN,NASDAQ,Texas Instruments,"NASDAQ100,SP500",2026-02-12T09:07:50.625174,NAS
TXT,SP500,Textron,SP500,2026-02-12T09:07:50.625174,NYS
TYL,SP500,Tyler Technologies,SP500,2026-02-12T09:07:50.625174,NYS
UAL,SP500,United Airlines Holdings,SP500,2026-02-13T20:20:46.236347,NAS
UBER,SP500,Uber,SP500,2026-02-12T09:07:50.625174,NYS
UDR,SP500,"UDR, Inc.",SP500,2026-02-12T09:07:50.625174,NYS
UHS,SP500,Universal Health Services,SP500,2026-02-12T09:07:50.625174,NYS
ULTA,SP500,Ulta Beauty,SP500,2026-02-13T20:20:46.236347,NAS
UNH,SP500,UnitedHealth Group,SP500,2026-02-12T09:07:50.625174,NYS
UNP,SP500,Union Pacific Corporation,SP500,2026-02-12T09:07:50.625174,NYS
UPS,SP500,United Parcel Service,SP500,2026-02-12T09:07:50.625174,NYS
URI,SP500,United Rentals,SP500,2026-02-12T09:07:50.625174,NYS
USB,SP500,U.S. Bancorp,SP500,2026-02-12T09:07:50.625174,NYS
V,SP500,Visa Inc.,SP500,2026-02-12T09:07:50.625174,NYS
VICI,SP500,Vici Properties,SP500,2026-02-12T09:07:50.625174,NYS
VLO,SP500,Valero Energy,SP500,2026-02-12T09:07:50.625174,NYS
VLTO,SP500,Veralto,SP500,2026-02-12T09:07:50.625174,NYS
VMC,SP500,Vulcan Materials Company,SP500,2026-02-12T09:07:50.625174,NYS
VRSK,NASDAQ,Verisk Analytics,"NASDAQ100,SP500",2026-02-12T09:07:50.625174,NAS
VRSN,SP500,Verisign,SP500,2026-02-13T20:20:46.236347,NAS
VRTX,NASDAQ,Vertex Pharmaceuticals,"NASDAQ100,SP500",2026-02-12T09:07:50.625174,NAS
VST,SP500,Vistra Corp.,SP500,2026-02-12T09:07:50.625174,NYS
VTR,SP500,Ventas,SP500,2026-02-12T09:07:50.625174,NYS
VTRS,SP500,Viatris,SP500,2026-02-13T20:20:46.236347,NAS
VZ,SP500,Verizon,SP500,2026-02-12T09:07:50.625174,NYS
WAB,SP500,Wabtec,SP500,2026-02-12T09:07:50.625174,NYS
WAT,SP500,Waters Corporation,SP500,2026-02-12T09:07:50.625174,NYS
WBD,NASDAQ,Warner Bros. Discovery,"NASDAQ100,SP500",2026-02-12T09:07:50.625174,NAS
WDAY,NASDAQ,"Workday, Inc.","NASDAQ100,SP500",2026-02-12T09:07:50.625174,NAS
WDC,NASDAQ,Western Digital,"NASDAQ100,SP500",2026-02-12T09:07:50.625174,NAS
WEC,SP500,WEC Energy Group,SP500,2026-02-12T09:07:50.625174,NYS
WELL,SP500,Welltower,SP500,2026-02-12T09:07:50.625174,NYS
WFC,SP500,Wells Fargo,SP500,2026-02-12T09:07:50.625174,NYS
WM,SP500,Waste Management,SP500,2026-02-12T09:07:50.625174,NYS
WMB,SP500,Williams Companies,SP500,2026-02-12T09:07:50.625174,NYS
WMT,NASDAQ,Walmart,"NASDAQ100,SP500",2026-02-12T09:07:50.625174,NAS
WRB,SP500,W. R. Berkley Corporation,SP500,2026-02-12T09:07:50.625174,NYS
WSM,SP500,"Williams-Sonoma, Inc.",SP500,2026-02-12T09:07:50.625174,NYS
WST,SP500,West Pharmaceutical Services,SP500,2026-02-12T09:07:50.625174,NYS
WTW,SP500,Willis Towers Watson,SP500,2026-02-13T20:20:46.236347,NAS
WY,SP500,Weyerhaeuser,SP500,2026-02-12T09:07:50.625174,NYS
WYNN,SP500,Wynn Resorts,SP500,2026-02-13T20:20:46.236347,NAS
XEL,NASDAQ,Xcel Energy,"NASDAQ100,SP500",2026-02-12T09:07:50.625174,NAS
XOM,SP500,ExxonMobil,SP500,2026-02-12T09:07:50.625174,NYS
XYL,SP500,Xylem Inc.,SP500,2026-02-12T09:07:50.625174,NYS
XYZ,SP500,"Block, Inc.",SP500,2026-02-12T09:07:50.625174,NYS
YUM,SP500,Yum! Brands,SP500,2026-02-12T09:07:50.625174,NYS
